population,bras,pas,perte_moyenne,graines
format/Llama,top,10,1.59041,5
format/Llama,top,20,0.42272,5
format/Llama,top,30,0.26996,5
format/Llama,top,40,0.23949,5
format/Llama,top,50,0.20065,5
format/Llama,top,60,0.17208,5
format/Llama,top,70,0.15473,5
format/Llama,top,80,0.13615,5
format/Llama,top,90,0.13054,5
format/Llama,top,100,0.12604,5
format/Llama,top,110,0.09879,5
format/Llama,top,120,0.09359,5
format/Llama,top,130,0.09268,5
format/Llama,top,140,0.08474,5
format/Llama,top,150,0.08143,5
format/Llama,top,160,0.07517,5
format/Llama,top,170,0.07405,5
format/Llama,top,180,0.07341,5
format/Llama,top,190,0.06822,5
format/Llama,top,200,0.06420,5
format/Llama,top,210,0.05181,5
format/Llama,top,220,0.04839,5
format/Llama,top,230,0.04929,5
format/Llama,top,240,0.04717,5
format/Llama,top,250,0.04422,5
format/Llama,top,260,0.04757,5
format/Llama,top,270,0.04495,5
format/Llama,top,274,0.04365,5
format/Llama,bottom,10,1.59134,5
format/Llama,bottom,20,0.46732,5
format/Llama,bottom,30,0.30504,5
format/Llama,bottom,40,0.24979,5
format/Llama,bottom,50,0.22497,5
format/Llama,bottom,60,0.19616,5
format/Llama,bottom,70,0.18158,5
format/Llama,bottom,80,0.16716,5
format/Llama,bottom,90,0.15896,5
format/Llama,bottom,100,0.15862,5
format/Llama,bottom,110,0.12481,5
format/Llama,bottom,120,0.11334,5
format/Llama,bottom,130,0.10686,5
format/Llama,bottom,140,0.09875,5
format/Llama,bottom,150,0.09968,5
format/Llama,bottom,160,0.09219,5
format/Llama,bottom,170,0.09052,5
format/Llama,bottom,180,0.08865,5
format/Llama,bottom,190,0.08116,5
format/Llama,bottom,200,0.07371,5
format/Llama,bottom,210,0.05742,5
format/Llama,bottom,220,0.05251,5
format/Llama,bottom,230,0.05409,5
format/Llama,bottom,240,0.05126,5
format/Llama,bottom,250,0.04835,5
format/Llama,bottom,260,0.05091,5
format/Llama,bottom,270,0.04890,5
format/Llama,bottom,274,0.04643,5
format/Llama,tu2,10,1.39193,5
format/Llama,tu2,20,0.27565,5
format/Llama,tu2,30,0.18132,5
format/Llama,tu2,40,0.13385,5
format/Llama,tu2,50,0.13466,5
format/Llama,tu2,60,0.10930,5
format/Llama,tu2,70,0.11811,5
format/Llama,tu2,80,0.11066,5
format/Llama,tu2,90,0.11654,5
format/Llama,tu2,100,0.08532,5
format/Llama,tu2,110,0.06575,5
format/Llama,tu2,120,0.05835,5
format/Llama,tu2,130,0.05174,5
format/Llama,tu2,140,0.04691,5
format/Llama,tu2,150,0.04610,5
format/Llama,tu2,160,0.04174,5
format/Llama,tu2,170,0.04009,5
format/Llama,tu2,180,0.03727,5
format/Llama,tu2,190,0.03291,5
format/Llama,tu2,200,0.03067,5
format/Llama,tu2,210,0.01847,5
format/Llama,tu2,220,0.01598,5
format/Llama,tu2,230,0.01715,5
format/Llama,tu2,240,0.01525,5
format/Llama,tu2,250,0.01423,5
format/Llama,tu2,260,0.01503,5
format/Llama,tu2,270,0.01471,5
format/Llama,tu2,274,0.01382,5
format/Llama,bu2,10,1.62963,5
format/Llama,bu2,20,0.31242,5
format/Llama,bu2,30,0.18114,5
format/Llama,bu2,40,0.13940,5
format/Llama,bu2,50,0.11832,5
format/Llama,bu2,60,0.09594,5
format/Llama,bu2,70,0.08663,5
format/Llama,bu2,80,0.08053,5
format/Llama,bu2,90,0.07016,5
format/Llama,bu2,100,0.06798,5
format/Llama,bu2,110,0.04671,5
format/Llama,bu2,120,0.04285,5
format/Llama,bu2,130,0.04177,5
format/Llama,bu2,140,0.03756,5
format/Llama,bu2,150,0.03723,5
format/Llama,bu2,160,0.03588,5
format/Llama,bu2,170,0.03496,5
format/Llama,bu2,180,0.03286,5
format/Llama,bu2,190,0.03216,5
format/Llama,bu2,200,0.02893,5
format/Llama,bu2,210,0.01969,5
format/Llama,bu2,220,0.01777,5
format/Llama,bu2,230,0.01868,5
format/Llama,bu2,240,0.01722,5
format/Llama,bu2,250,0.01718,5
format/Llama,bu2,260,0.01777,5
format/Llama,bu2,270,0.01646,5
format/Llama,bu2,274,0.01554,5
format/Llama,dual_top,10,0.91628,5
format/Llama,dual_top,20,0.25127,5
format/Llama,dual_top,30,0.17222,5
format/Llama,dual_top,40,0.13786,5
format/Llama,dual_top,50,0.12212,5
format/Llama,dual_top,60,0.10371,5
format/Llama,dual_top,70,0.09828,5
format/Llama,dual_top,80,0.08395,5
format/Llama,dual_top,90,0.08091,5
format/Llama,dual_top,100,0.07764,5
format/Llama,dual_top,110,0.05259,5
format/Llama,dual_top,120,0.04775,5
format/Llama,dual_top,130,0.04486,5
format/Llama,dual_top,140,0.04101,5
format/Llama,dual_top,150,0.04154,5
format/Llama,dual_top,160,0.03894,5
format/Llama,dual_top,170,0.03783,5
format/Llama,dual_top,180,0.03566,5
format/Llama,dual_top,190,0.03206,5
format/Llama,dual_top,200,0.03004,5
format/Llama,dual_top,210,0.01847,5
format/Llama,dual_top,220,0.01632,5
format/Llama,dual_top,230,0.01668,5
format/Llama,dual_top,240,0.01496,5
format/Llama,dual_top,250,0.01486,5
format/Llama,dual_top,260,0.01541,5
format/Llama,dual_top,270,0.01472,5
format/Llama,dual_top,274,0.01372,5
format/Llama,dual_bottom,10,1.16628,5
format/Llama,dual_bottom,20,0.21453,5
format/Llama,dual_bottom,30,0.15056,5
format/Llama,dual_bottom,40,0.12286,5
format/Llama,dual_bottom,50,0.10921,5
format/Llama,dual_bottom,60,0.09327,5
format/Llama,dual_bottom,70,0.08279,5
format/Llama,dual_bottom,80,0.07657,5
format/Llama,dual_bottom,90,0.07261,5
format/Llama,dual_bottom,100,0.07074,5
format/Llama,dual_bottom,110,0.04804,5
format/Llama,dual_bottom,120,0.04377,5
format/Llama,dual_bottom,130,0.04266,5
format/Llama,dual_bottom,140,0.04081,5
format/Llama,dual_bottom,150,0.04178,5
format/Llama,dual_bottom,160,0.03984,5
format/Llama,dual_bottom,170,0.03911,5
format/Llama,dual_bottom,180,0.03755,5
format/Llama,dual_bottom,190,0.03597,5
format/Llama,dual_bottom,200,0.03323,5
format/Llama,dual_bottom,210,0.02308,5
format/Llama,dual_bottom,220,0.01996,5
format/Llama,dual_bottom,230,0.02180,5
format/Llama,dual_bottom,240,0.01984,5
format/Llama,dual_bottom,250,0.01902,5
format/Llama,dual_bottom,260,0.02043,5
format/Llama,dual_bottom,270,0.01992,5
format/Llama,dual_bottom,274,0.01820,5
format/Llama,free,10,2.44996,5
format/Llama,free,20,0.60222,5
format/Llama,free,30,0.21617,5
format/Llama,free,40,0.16185,5
format/Llama,free,50,0.13644,5
format/Llama,free,60,0.11604,5
format/Llama,free,70,0.10564,5
format/Llama,free,80,0.09610,5
format/Llama,free,90,0.08515,5
format/Llama,free,100,0.08271,5
format/Llama,free,110,0.06759,5
format/Llama,free,120,0.06156,5
format/Llama,free,130,0.06059,5
format/Llama,free,140,0.05510,5
format/Llama,free,150,0.05715,5
format/Llama,free,160,0.05359,5
format/Llama,free,170,0.05266,5
format/Llama,free,180,0.05165,5
format/Llama,free,190,0.04761,5
format/Llama,free,200,0.04645,5
format/Llama,free,210,0.03971,5
format/Llama,free,220,0.03657,5
format/Llama,free,230,0.03927,5
format/Llama,free,240,0.03757,5
format/Llama,free,250,0.03556,5
format/Llama,free,260,0.03734,5
format/Llama,free,270,0.03597,5
format/Llama,free,274,0.03447,5
OBQA/Qwen1.5B,top,10,2.75708,5
OBQA/Qwen1.5B,top,20,2.60799,5
OBQA/Qwen1.5B,top,30,2.53352,5
OBQA/Qwen1.5B,top,40,2.49183,5
OBQA/Qwen1.5B,top,49,2.47476,5
OBQA/Qwen1.5B,bottom,10,2.75855,5
OBQA/Qwen1.5B,bottom,20,2.63698,5
OBQA/Qwen1.5B,bottom,30,2.57284,5
OBQA/Qwen1.5B,bottom,40,2.53907,5
OBQA/Qwen1.5B,bottom,49,2.52401,5
OBQA/Qwen1.5B,tu2,10,2.68571,5
OBQA/Qwen1.5B,tu2,20,2.45417,5
OBQA/Qwen1.5B,tu2,30,2.26356,5
OBQA/Qwen1.5B,tu2,40,2.10864,5
OBQA/Qwen1.5B,tu2,49,2.03158,5
OBQA/Qwen1.5B,bu2,10,2.69060,5
OBQA/Qwen1.5B,bu2,20,2.44823,5
OBQA/Qwen1.5B,bu2,30,2.24988,5
OBQA/Qwen1.5B,bu2,40,2.08854,5
OBQA/Qwen1.5B,bu2,49,2.00957,5
OBQA/Qwen1.5B,dual_top,10,2.68118,5
OBQA/Qwen1.5B,dual_top,20,2.33043,5
OBQA/Qwen1.5B,dual_top,30,2.10026,5
OBQA/Qwen1.5B,dual_top,40,1.92507,5
OBQA/Qwen1.5B,dual_top,49,1.83464,5
OBQA/Qwen1.5B,dual_bottom,10,2.66290,5
OBQA/Qwen1.5B,dual_bottom,20,2.40927,5
OBQA/Qwen1.5B,dual_bottom,30,2.22084,5
OBQA/Qwen1.5B,dual_bottom,40,2.07129,5
OBQA/Qwen1.5B,dual_bottom,49,1.99271,5
OBQA/Qwen1.5B,free,10,2.71877,5
OBQA/Qwen1.5B,free,20,2.51472,5
OBQA/Qwen1.5B,free,30,2.37331,5
OBQA/Qwen1.5B,free,40,2.26390,5
OBQA/Qwen1.5B,free,49,2.21379,5
